{
  "dataset": "asteroid",
  "camera_plane": {
    "normal": [
      -0.967111690405594,
      0.21918929839834272,
      -0.12903886913824414
    ],
    "point": [
      0.12684186516925772,
      -0.5052034913547423,
      7.103491332126432
    ]
  },
  "world_plane": {
    "normal": [
      -0.967111690405594,
      -0.209582332211665,
      -0.14411878540132758
    ],
    "point": [
      0.12684186516925772,
      -0.34854226920479414,
      1.455804699179507
    ]
  },
  "total_points": 1089,
  "kept_points": 934,
  "images": [
    {
      "image": "scanner_asteroid_new_checkerboards/checkerboard_1.png",
      "used_points": 290,
      "charuco_corners": 63
    },
    {
      "image": "scanner_asteroid_new_checkerboards/checkerboard_2.png",
      "used_points": 188,
      "charuco_corners": 64
    },
    {
      "image": "scanner_asteroid_new_checkerboards/checkerboard_3.png",
      "used_points": 291,
      "charuco_corners": 70
    },
    {
      "image": "scanner_asteroid_new_checkerboards/checkerboard_4.png",
      "used_points": 320,
      "charuco_corners": 70
    }
  ]
}