{
  "reconstruction_to_ground_truth_mean": 0.2601443891328707,
  "ground_truth_to_reconstruction_mean": 0.7670507402013556,
  "chamfer_l1_mean": 0.5135975646671131,
  "chamfer_l2_mean": 0.5781427717261443,
  "reconstruction_to_ground_truth_p95": 0.6331137344724124,
  "ground_truth_to_reconstruction_p95": 2.0820136890589787,
  "dataset": "asteroid",
  "sample_count": 30000,
  "ground_truth_aligned_by_bbox": true
}