{
  "reconstruction_to_ground_truth_mean": 0.23380136639504148,
  "ground_truth_to_reconstruction_mean": 0.3455114576692544,
  "chamfer_l1_mean": 0.2896564120321479,
  "chamfer_l2_mean": 0.1290024009330682,
  "reconstruction_to_ground_truth_p95": 0.5148291020846382,
  "ground_truth_to_reconstruction_p95": 0.8145460403075311,
  "dataset": "asteroid",
  "sample_count": 30000,
  "ground_truth_aligned_by_bbox": true
}