{
  "reconstruction_to_ground_truth_mean": 0.15029709611679976,
  "ground_truth_to_reconstruction_mean": 0.09522715654046243,
  "chamfer_l1_mean": 0.1227621263286311,
  "chamfer_l2_mean": 0.026804940122352038,
  "reconstruction_to_ground_truth_p95": 0.4108478107850776,
  "ground_truth_to_reconstruction_p95": 0.25338997590618073,
  "dataset": "asteroid",
  "sample_count": 30000,
  "ground_truth_aligned_by_bbox": true
}